FIPS,category,total_tweets
1001,Exurbs,688950
1051,Exurbs,688950
1083,Exurbs,688950
1115,Exurbs,688950
1117,Exurbs,688950
5007,Exurbs,688950
5085,Exurbs,688950
5125,Exurbs,688950
6017,Exurbs,688950
6057,Exurbs,688950
6061,Exurbs,688950
6115,Exurbs,688950
8001,Exurbs,688950
8035,Exurbs,688950
8039,Exurbs,688950
8045,Exurbs,688950
8059,Exurbs,688950
8077,Exurbs,688950
8123,Exurbs,688950
9005,Exurbs,688950
9007,Exurbs,688950
12019,Exurbs,688950
12089,Exurbs,688950
12109,Exurbs,688950
12113,Exurbs,688950
12129,Exurbs,688950
13013,Exurbs,688950
13015,Exurbs,688950
13047,Exurbs,688950
13057,Exurbs,688950
13077,Exurbs,688950
13085,Exurbs,688950
13097,Exurbs,688950
13103,Exurbs,688950
13113,Exurbs,688950
13117,Exurbs,688950
13145,Exurbs,688950
13151,Exurbs,688950
13157,Exurbs,688950
13177,Exurbs,688950
13187,Exurbs,688950
13217,Exurbs,688950
13219,Exurbs,688950
13223,Exurbs,688950
13227,Exurbs,688950
13231,Exurbs,688950
13247,Exurbs,688950
13297,Exurbs,688950
16001,Exurbs,688950
16027,Exurbs,688950
16045,Exurbs,688950
16055,Exurbs,688950
16075,Exurbs,688950
16083,Exurbs,688950
17007,Exurbs,688950
17063,Exurbs,688950
17089,Exurbs,688950
17093,Exurbs,688950
17097,Exurbs,688950
17111,Exurbs,688950
17197,Exurbs,688950
18057,Exurbs,688950
18059,Exurbs,688950
18063,Exurbs,688950
18081,Exurbs,688950
19049,Exurbs,688950
19153,Exurbs,688950
20091,Exurbs,688950
21005,Exurbs,688950
21015,Exurbs,688950
21029,Exurbs,688950
21081,Exurbs,688950
21113,Exurbs,688950
21179,Exurbs,688950
21185,Exurbs,688950
21209,Exurbs,688950
21211,Exurbs,688950
21215,Exurbs,688950
22005,Exurbs,688950
22023,Exurbs,688950
22063,Exurbs,688950
22075,Exurbs,688950
22103,Exurbs,688950
24003,Exurbs,688950
24011,Exurbs,688950
24013,Exurbs,688950
24015,Exurbs,688950
24021,Exurbs,688950
24025,Exurbs,688950
24035,Exurbs,688950
24041,Exurbs,688950
25023,Exurbs,688950
26037,Exurbs,688950
27003,Exurbs,688950
27019,Exurbs,688950
27025,Exurbs,688950
27037,Exurbs,688950
27059,Exurbs,688950
27095,Exurbs,688950
27109,Exurbs,688950
27139,Exurbs,688950
27141,Exurbs,688950
27163,Exurbs,688950
27171,Exurbs,688950
28033,Exurbs,688950
28045,Exurbs,688950
28073,Exurbs,688950
28121,Exurbs,688950
29027,Exurbs,688950
29037,Exurbs,688950
29043,Exurbs,688950
29047,Exurbs,688950
29049,Exurbs,688950
29099,Exurbs,688950
29113,Exurbs,688950
29165,Exurbs,688950
29183,Exurbs,688950
29219,Exurbs,688950
29225,Exurbs,688950
30043,Exurbs,688950
32001,Exurbs,688950
32005,Exurbs,688950
32019,Exurbs,688950
32029,Exurbs,688950
33011,Exurbs,688950
33013,Exurbs,688950
33015,Exurbs,688950
34005,Exurbs,688950
34015,Exurbs,688950
34019,Exurbs,688950
34033,Exurbs,688950
34037,Exurbs,688950
34041,Exurbs,688950
35043,Exurbs,688950
36091,Exurbs,688950
37025,Exurbs,688950
37029,Exurbs,688950
37037,Exurbs,688950
37053,Exurbs,688950
37097,Exurbs,688950
37101,Exurbs,688950
37109,Exurbs,688950
37179,Exurbs,688950
39041,Exurbs,688950
39159,Exurbs,688950
39165,Exurbs,688950
40017,Exurbs,688950
40083,Exurbs,688950
40131,Exurbs,688950
40145,Exurbs,688950
41005,Exurbs,688950
41071,Exurbs,688950
42017,Exurbs,688950
42029,Exurbs,688950
42089,Exurbs,688950
42103,Exurbs,688950
45063,Exurbs,688950
45091,Exurbs,688950
46033,Exurbs,688950
46083,Exurbs,688950
47009,Exurbs,688950
47021,Exurbs,688950
47043,Exurbs,688950
47047,Exurbs,688950
47147,Exurbs,688950
47149,Exurbs,688950
47165,Exurbs,688950
47167,Exurbs,688950
47187,Exurbs,688950
47189,Exurbs,688950
48021,Exurbs,688950
48039,Exurbs,688950
48071,Exurbs,688950
48085,Exurbs,688950
48091,Exurbs,688950
48121,Exurbs,688950
48139,Exurbs,688950
48157,Exurbs,688950
48167,Exurbs,688950
48187,Exurbs,688950
48209,Exurbs,688950
48251,Exurbs,688950
48257,Exurbs,688950
48259,Exurbs,688950
48339,Exurbs,688950
48367,Exurbs,688950
48397,Exurbs,688950
48491,Exurbs,688950
48493,Exurbs,688950
48497,Exurbs,688950
51007,Exurbs,688950
51033,Exurbs,688950
51041,Exurbs,688950
51043,Exurbs,688950
51047,Exurbs,688950
51061,Exurbs,688950
51065,Exurbs,688950
51069,Exurbs,688950
51075,Exurbs,688950
51079,Exurbs,688950
51085,Exurbs,688950
51093,Exurbs,688950
51095,Exurbs,688950
51101,Exurbs,688950
51109,Exurbs,688950
51127,Exurbs,688950
51137,Exurbs,688950
51145,Exurbs,688950
51153,Exurbs,688950
51157,Exurbs,688950
51161,Exurbs,688950
51187,Exurbs,688950
51735,Exurbs,688950
53005,Exurbs,688950
53057,Exurbs,688950
54003,Exurbs,688950
54037,Exurbs,688950
55089,Exurbs,688950
55109,Exurbs,688950
55127,Exurbs,688950
55133,Exurbs,688950
56019,Exurbs,688950
1003,Graying America,128348
2100,Graying America,128348
2105,Graying America,128348
2122,Graying America,128348
2170,Graying America,128348
2198,Graying America,128348
2230,Graying America,128348
4007,Graying America,128348
4011,Graying America,128348
4012,Graying America,128348
4015,Graying America,128348
4021,Graying America,128348
4025,Graying America,128348
5097,Graying America,128348
6003,Graying America,128348
6005,Graying America,128348
6009,Graying America,128348
6015,Graying America,128348
6027,Graying America,128348
6033,Graying America,128348
6035,Graying America,128348
6043,Graying America,128348
6045,Graying America,128348
6049,Graying America,128348
6051,Graying America,128348
6063,Graying America,128348
6091,Graying America,128348
6093,Graying America,128348
6103,Graying America,128348
6105,Graying America,128348
6109,Graying America,128348
8003,Graying America,128348
8007,Graying America,128348
8011,Graying America,128348
8015,Graying America,128348
8019,Graying America,128348
8025,Graying America,128348
8027,Graying America,128348
8029,Graying America,128348
8033,Graying America,128348
8037,Graying America,128348
8043,Graying America,128348
8047,Graying America,128348
8049,Graying America,128348
8053,Graying America,128348
8055,Graying America,128348
8057,Graying America,128348
8061,Graying America,128348
8065,Graying America,128348
8071,Graying America,128348
8073,Graying America,128348
8079,Graying America,128348
8081,Graying America,128348
8083,Graying America,128348
8085,Graying America,128348
8087,Graying America,128348
8089,Graying America,128348
8091,Graying America,128348
8093,Graying America,128348
8097,Graying America,128348
8099,Graying America,128348
8101,Graying America,128348
8103,Graying America,128348
8107,Graying America,128348
8111,Graying America,128348
8113,Graying America,128348
8117,Graying America,128348
8119,Graying America,128348
10005,Graying America,128348
12009,Graying America,128348
12015,Graying America,128348
12017,Graying America,128348
12021,Graying America,128348
12035,Graying America,128348
12043,Graying America,128348
12045,Graying America,128348
12053,Graying America,128348
12055,Graying America,128348
12061,Graying America,128348
12063,Graying America,128348
12067,Graying America,128348
12069,Graying America,128348
12071,Graying America,128348
12081,Graying America,128348
12083,Graying America,128348
12085,Graying America,128348
12087,Graying America,128348
12093,Graying America,128348
12101,Graying America,128348
12105,Graying America,128348
12111,Graying America,128348
12115,Graying America,128348
12119,Graying America,128348
12125,Graying America,128348
12127,Graying America,128348
12131,Graying America,128348
13281,Graying America,128348
15001,Graying America,128348
16003,Graying America,128348
16009,Graying America,128348
16013,Graying America,128348
16015,Graying America,128348
16017,Graying America,128348
16025,Graying America,128348
16035,Graying America,128348
16037,Graying America,128348
16059,Graying America,128348
16061,Graying America,128348
16063,Graying America,128348
16081,Graying America,128348
16085,Graying America,128348
16087,Graying America,128348
17009,Graying America,128348
17087,Graying America,128348
17145,Graying America,128348
18013,Graying America,128348
18153,Graying America,128348
21143,Graying America,128348
23003,Graying America,128348
23007,Graying America,128348
23009,Graying America,128348
23013,Graying America,128348
23015,Graying America,128348
23017,Graying America,128348
23021,Graying America,128348
23025,Graying America,128348
23027,Graying America,128348
23029,Graying America,128348
24047,Graying America,128348
25001,Graying America,128348
25007,Graying America,128348
25019,Graying America,128348
26001,Graying America,128348
26003,Graying America,128348
26009,Graying America,128348
26011,Graying America,128348
26013,Graying America,128348
26019,Graying America,128348
26029,Graying America,128348
26031,Graying America,128348
26033,Graying America,128348
26035,Graying America,128348
26039,Graying America,128348
26051,Graying America,128348
26053,Graying America,128348
26069,Graying America,128348
26071,Graying America,128348
26079,Graying America,128348
26083,Graying America,128348
26085,Graying America,128348
26089,Graying America,128348
26095,Graying America,128348
26097,Graying America,128348
26101,Graying America,128348
26119,Graying America,128348
26127,Graying America,128348
26129,Graying America,128348
26131,Graying America,128348
26135,Graying America,128348
26137,Graying America,128348
26141,Graying America,128348
26143,Graying America,128348
26153,Graying America,128348
27001,Graying America,128348
27021,Graying America,128348
27031,Graying America,128348
27057,Graying America,128348
27061,Graying America,128348
27071,Graying America,128348
27077,Graying America,128348
29015,Graying America,128348
29029,Graying America,128348
29063,Graying America,128348
29085,Graying America,128348
29089,Graying America,128348
29141,Graying America,128348
29209,Graying America,128348
29213,Graying America,128348
30007,Graying America,128348
30009,Graying America,128348
30023,Graying America,128348
30029,Graying America,128348
30037,Graying America,128348
30039,Graying America,128348
30041,Graying America,128348
30047,Graying America,128348
30057,Graying America,128348
30059,Graying America,128348
30065,Graying America,128348
30067,Graying America,128348
30077,Graying America,128348
30081,Graying America,128348
30095,Graying America,128348
30097,Graying America,128348
31123,Graying America,128348
32007,Graying America,128348
32009,Graying America,128348
32013,Graying America,128348
32015,Graying America,128348
32023,Graying America,128348
32027,Graying America,128348
32033,Graying America,128348
32510,Graying America,128348
33003,Graying America,128348
33007,Graying America,128348
34009,Graying America,128348
35003,Graying America,128348
35007,Graying America,128348
35011,Graying America,128348
35017,Graying America,128348
35021,Graying America,128348
35033,Graying America,128348
35037,Graying America,128348
35041,Graying America,128348
35051,Graying America,128348
35057,Graying America,128348
36019,Graying America,128348
36025,Graying America,128348
36031,Graying America,128348
36033,Graying America,128348
36039,Graying America,128348
36041,Graying America,128348
36089,Graying America,128348
36105,Graying America,128348
37005,Graying America,128348
37011,Graying America,128348
37019,Graying America,128348
37031,Graying America,128348
37039,Graying America,128348
37055,Graying America,128348
37173,Graying America,128348
38061,Graying America,128348
40025,Graying America,128348
40057,Graying America,128348
40059,Graying America,128348
40141,Graying America,128348
41001,Graying America,128348
41007,Graying America,128348
41011,Graying America,128348
41013,Graying America,128348
41015,Graying America,128348
41019,Graying America,128348
41021,Graying America,128348
41023,Graying America,128348
41025,Graying America,128348
41031,Graying America,128348
41033,Graying America,128348
41035,Graying America,128348
41037,Graying America,128348
41041,Graying America,128348
41043,Graying America,128348
41045,Graying America,128348
41047,Graying America,128348
41057,Graying America,128348
41059,Graying America,128348
41061,Graying America,128348
41063,Graying America,128348
41065,Graying America,128348
41069,Graying America,128348
42023,Graying America,128348
42053,Graying America,128348
42061,Graying America,128348
42105,Graying America,128348
42113,Graying America,128348
45051,Graying America,128348
46019,Graying America,128348
46047,Graying America,128348
47155,Graying America,128348
48023,Graying America,128348
48043,Graying America,128348
48045,Graying America,128348
48075,Graying America,128348
48081,Graying America,128348
48101,Graying America,128348
48105,Graying America,128348
48115,Graying America,128348
48123,Graying America,128348
48125,Graying America,128348
48129,Graying America,128348
48151,Graying America,128348
48155,Graying America,128348
48161,Graying America,128348
48175,Graying America,128348
48197,Graying America,128348
48207,Graying America,128348
48227,Graying America,128348
48243,Graying America,128348
48253,Graying America,128348
48255,Graying America,128348
48263,Graying America,128348
48267,Graying America,128348
48275,Graying America,128348
48293,Graying America,128348
48297,Graying America,128348
48299,Graying America,128348
48301,Graying America,128348
48307,Graying America,128348
48311,Graying America,128348
48327,Graying America,128348
48333,Graying America,128348
48335,Graying America,128348
48345,Graying America,128348
48353,Graying America,128348
48385,Graying America,128348
48403,Graying America,128348
48411,Graying America,128348
48443,Graying America,128348
48445,Graying America,128348
48447,Graying America,128348
48455,Graying America,128348
48495,Graying America,128348
49019,Graying America,128348
49043,Graying America,128348
50009,Graying America,128348
50013,Graying America,128348
50019,Graying America,128348
51091,Graying America,128348
51103,Graying America,128348
51113,Graying America,128348
51115,Graying America,128348
51119,Graying America,128348
51133,Graying America,128348
51163,Graying America,128348
53007,Graying America,128348
53009,Graying America,128348
53013,Graying America,128348
53015,Graying America,128348
53019,Graying America,128348
53027,Graying America,128348
53031,Graying America,128348
53039,Graying America,128348
53041,Graying America,128348
53045,Graying America,128348
53047,Graying America,128348
53049,Graying America,128348
53055,Graying America,128348
53059,Graying America,128348
53065,Graying America,128348
53069,Graying America,128348
54025,Graying America,128348
54075,Graying America,128348
54083,Graying America,128348
54093,Graying America,128348
55001,Graying America,128348
55007,Graying America,128348
55013,Graying America,128348
55037,Graying America,128348
55041,Graying America,128348
55051,Graying America,128348
55085,Graying America,128348
55113,Graying America,128348
55125,Graying America,128348
55129,Graying America,128348
56005,Graying America,128348
56007,Graying America,128348
56009,Graying America,128348
56011,Graying America,128348
56013,Graying America,128348
56029,Graying America,128348
56033,Graying America,128348
56035,Graying America,128348
56037,Graying America,128348
56039,Graying America,128348
56045,Graying America,128348
1005,African American South,39954
1011,African American South,39954
1013,African American South,39954
1017,African American South,39954
1023,African American South,39954
1025,African American South,39954
1035,African American South,39954
1037,African American South,39954
1047,African American South,39954
1053,African American South,39954
1063,African American South,39954
1065,African American South,39954
1069,African American South,39954
1073,African American South,39954
1081,African American South,39954
1085,African American South,39954
1087,African American South,39954
1091,African American South,39954
1097,African American South,39954
1099,African American South,39954
1101,African American South,39954
1105,African American South,39954
1107,African American South,39954
1109,African American South,39954
1113,African American South,39954
1119,African American South,39954
1125,African American South,39954
1131,African American South,39954
5003,African American South,39954
5011,African American South,39954
5013,African American South,39954
5017,African American South,39954
5027,African American South,39954
5035,African American South,39954
5039,African American South,39954
5041,African American South,39954
5043,African American South,39954
5057,African American South,39954
5061,African American South,39954
5069,African American South,39954
5073,African American South,39954
5077,African American South,39954
5079,African American South,39954
5091,African American South,39954
5093,African American South,39954
5095,African American South,39954
5099,African American South,39954
5103,African American South,39954
5107,African American South,39954
5123,African American South,39954
5139,African American South,39954
12007,African American South,39954
12013,African American South,39954
12023,African American South,39954
12037,African American South,39954
12039,African American South,39954
12047,African American South,39954
12065,African American South,39954
12075,African American South,39954
12077,African American South,39954
12079,African American South,39954
12107,African American South,39954
12121,African American South,39954
12123,African American South,39954
12133,African American South,39954
13007,African American South,39954
13009,African American South,39954
13017,African American South,39954
13021,African American South,39954
13023,African American South,39954
13027,African American South,39954
13031,African American South,39954
13033,African American South,39954
13035,African American South,39954
13037,African American South,39954
13043,African American South,39954
13049,African American South,39954
13061,African American South,39954
13063,African American South,39954
13065,African American South,39954
13069,African American South,39954
13071,African American South,39954
13075,African American South,39954
13079,African American South,39954
13081,African American South,39954
13087,African American South,39954
13091,African American South,39954
13093,African American South,39954
13095,African American South,39954
13099,African American South,39954
13105,African American South,39954
13107,African American South,39954
13109,African American South,39954
13131,African American South,39954
13133,African American South,39954
13141,African American South,39954
13159,African American South,39954
13163,African American South,39954
13165,African American South,39954
13167,African American South,39954
13169,African American South,39954
13171,African American South,39954
13175,African American South,39954
13181,African American South,39954
13185,African American South,39954
13189,African American South,39954
13191,African American South,39954
13193,African American South,39954
13197,African American South,39954
13199,African American South,39954
13201,African American South,39954
13205,African American South,39954
13207,African American South,39954
13209,African American South,39954
13211,African American South,39954
13215,African American South,39954
13221,African American South,39954
13225,African American South,39954
13235,African American South,39954
13237,African American South,39954
13239,African American South,39954
13243,African American South,39954
13245,African American South,39954
13249,African American South,39954
13251,African American South,39954
13253,African American South,39954
13255,African American South,39954
13259,African American South,39954
13261,African American South,39954
13263,African American South,39954
13265,African American South,39954
13267,African American South,39954
13269,African American South,39954
13271,African American South,39954
13273,African American South,39954
13275,African American South,39954
13277,African American South,39954
13283,African American South,39954
13285,African American South,39954
13287,African American South,39954
13289,African American South,39954
13299,African American South,39954
13301,African American South,39954
13303,African American South,39954
13307,African American South,39954
13309,African American South,39954
13315,African American South,39954
13317,African American South,39954
13319,African American South,39954
17003,African American South,39954
17153,African American South,39954
20209,African American South,39954
21075,African American South,39954
22001,African American South,39954
22003,African American South,39954
22007,African American South,39954
22009,African American South,39954
22013,African American South,39954
22017,African American South,39954
22027,African American South,39954
22029,African American South,39954
22031,African American South,39954
22035,African American South,39954
22037,African American South,39954
22039,African American South,39954
22045,African American South,39954
22047,African American South,39954
22053,African American South,39954
22057,African American South,39954
22061,African American South,39954
22065,African American South,39954
22067,African American South,39954
22069,African American South,39954
22071,African American South,39954
22073,African American South,39954
22077,African American South,39954
22079,African American South,39954
22081,African American South,39954
22083,African American South,39954
22089,African American South,39954
22091,African American South,39954
22093,African American South,39954
22095,African American South,39954
22097,African American South,39954
22099,African American South,39954
22101,African American South,39954
22107,African American South,39954
22109,African American South,39954
22113,African American South,39954
22117,African American South,39954
22119,African American South,39954
22125,African American South,39954
24019,African American South,39954
28001,African American South,39954
28005,African American South,39954
28007,African American South,39954
28011,African American South,39954
28013,African American South,39954
28015,African American South,39954
28017,African American South,39954
28021,African American South,39954
28025,African American South,39954
28027,African American South,39954
28029,African American South,39954
28031,African American South,39954
28035,African American South,39954
28043,African American South,39954
28049,African American South,39954
28051,African American South,39954
28053,African American South,39954
28055,African American South,39954
28061,African American South,39954
28063,African American South,39954
28065,African American South,39954
28067,African American South,39954
28069,African American South,39954
28075,African American South,39954
28081,African American South,39954
28083,African American South,39954
28085,African American South,39954
28087,African American South,39954
28093,African American South,39954
28095,African American South,39954
28097,African American South,39954
28101,African American South,39954
28103,African American South,39954
28107,African American South,39954
28113,African American South,39954
28119,African American South,39954
28125,African American South,39954
28133,African American South,39954
28135,African American South,39954
28137,African American South,39954
28143,African American South,39954
28147,African American South,39954
28149,African American South,39954
28151,African American South,39954
28157,African American South,39954
28159,African American South,39954
28161,African American South,39954
28163,African American South,39954
29133,African American South,39954
29155,African American South,39954
37007,African American South,39954
37015,African American South,39954
37017,African American South,39954
37033,African American South,39954
37041,African American South,39954
37047,African American South,39954
37061,African American South,39954
37065,African American South,39954
37069,African American South,39954
37077,African American South,39954
37079,African American South,39954
37083,African American South,39954
37091,African American South,39954
37095,African American South,39954
37103,African American South,39954
37105,African American South,39954
37107,African American South,39954
37117,African American South,39954
37123,African American South,39954
37127,African American South,39954
37131,African American South,39954
37137,African American South,39954
37141,African American South,39954
37143,African American South,39954
37145,African American South,39954
37147,African American South,39954
37153,African American South,39954
37157,African American South,39954
37159,African American South,39954
37163,African American South,39954
37165,African American South,39954
37177,African American South,39954
37181,African American South,39954
37185,African American South,39954
37187,African American South,39954
37195,African American South,39954
45001,African American South,39954
45003,African American South,39954
45005,African American South,39954
45009,African American South,39954
45011,African American South,39954
45017,African American South,39954
45023,African American South,39954
45025,African American South,39954
45027,African American South,39954
45029,African American South,39954
45031,African American South,39954
45033,African American South,39954
45037,African American South,39954
45039,African American South,39954
45041,African American South,39954
45043,African American South,39954
45049,African American South,39954
45053,African American South,39954
45055,African American South,39954
45057,African American South,39954
45061,African American South,39954
45065,African American South,39954
45067,African American South,39954
45069,African American South,39954
45071,African American South,39954
45075,African American South,39954
45079,African American South,39954
45081,African American South,39954
45085,African American South,39954
45087,African American South,39954
45089,African American South,39954
47069,African American South,39954
47075,African American South,39954
47095,African American South,39954
47097,African American South,39954
47113,African American South,39954
47157,African American South,39954
48001,African American South,39954
48005,African American South,39954
48037,African American South,39954
48063,African American South,39954
48073,African American South,39954
48145,African American South,39954
48185,African American South,39954
48203,African American South,39954
48225,African American South,39954
48245,African American South,39954
48313,African American South,39954
48315,African American South,39954
48349,African American South,39954
48351,African American South,39954
48373,African American South,39954
48395,African American South,39954
48405,African American South,39954
48407,African American South,39954
48419,African American South,39954
51001,African American South,39954
51009,African American South,39954
51011,African American South,39954
51025,African American South,39954
51029,African American South,39954
51031,African American South,39954
51036,African American South,39954
51049,African American South,39954
51053,African American South,39954
51057,African American South,39954
51081,African American South,39954
51083,African American South,39954
51089,African American South,39954
51097,African American South,39954
51111,African American South,39954
51117,African American South,39954
51131,African American South,39954
51135,African American South,39954
51143,African American South,39954
51159,African American South,39954
51175,African American South,39954
51181,African American South,39954
51183,African American South,39954
51193,African American South,39954
51590,African American South,39954
51595,African American South,39954
51620,African American South,39954
51650,African American South,39954
51670,African American South,39954
51690,African American South,39954
51700,African American South,39954
51710,African American South,39954
51730,African American South,39954
51740,African American South,39954
51760,African American South,39954
1007,Evangelical Hubs,140394
1009,Evangelical Hubs,140394
1015,Evangelical Hubs,140394
1021,Evangelical Hubs,140394
1027,Evangelical Hubs,140394
1029,Evangelical Hubs,140394
1033,Evangelical Hubs,140394
1039,Evangelical Hubs,140394
1041,Evangelical Hubs,140394
1043,Evangelical Hubs,140394
1049,Evangelical Hubs,140394
1055,Evangelical Hubs,140394
1057,Evangelical Hubs,140394
1059,Evangelical Hubs,140394
1061,Evangelical Hubs,140394
1067,Evangelical Hubs,140394
1071,Evangelical Hubs,140394
1075,Evangelical Hubs,140394
1077,Evangelical Hubs,140394
1079,Evangelical Hubs,140394
1093,Evangelical Hubs,140394
1095,Evangelical Hubs,140394
1103,Evangelical Hubs,140394
1111,Evangelical Hubs,140394
1121,Evangelical Hubs,140394
1123,Evangelical Hubs,140394
1127,Evangelical Hubs,140394
1129,Evangelical Hubs,140394
1133,Evangelical Hubs,140394
5001,Evangelical Hubs,140394
5009,Evangelical Hubs,140394
5025,Evangelical Hubs,140394
5029,Evangelical Hubs,140394
5033,Evangelical Hubs,140394
5037,Evangelical Hubs,140394
5051,Evangelical Hubs,140394
5053,Evangelical Hubs,140394
5055,Evangelical Hubs,140394
5059,Evangelical Hubs,140394
5063,Evangelical Hubs,140394
5067,Evangelical Hubs,140394
5071,Evangelical Hubs,140394
5081,Evangelical Hubs,140394
5083,Evangelical Hubs,140394
5109,Evangelical Hubs,140394
5111,Evangelical Hubs,140394
5115,Evangelical Hubs,140394
5127,Evangelical Hubs,140394
5131,Evangelical Hubs,140394
5145,Evangelical Hubs,140394
5147,Evangelical Hubs,140394
12041,Evangelical Hubs,140394
12059,Evangelical Hubs,140394
13001,Evangelical Hubs,140394
13005,Evangelical Hubs,140394
13011,Evangelical Hubs,140394
13025,Evangelical Hubs,140394
13055,Evangelical Hubs,140394
13115,Evangelical Hubs,140394
13119,Evangelical Hubs,140394
13125,Evangelical Hubs,140394
13137,Evangelical Hubs,140394
13143,Evangelical Hubs,140394
13147,Evangelical Hubs,140394
13149,Evangelical Hubs,140394
13155,Evangelical Hubs,140394
13161,Evangelical Hubs,140394
13195,Evangelical Hubs,140394
13229,Evangelical Hubs,140394
13233,Evangelical Hubs,140394
13257,Evangelical Hubs,140394
13279,Evangelical Hubs,140394
13293,Evangelical Hubs,140394
13295,Evangelical Hubs,140394
13305,Evangelical Hubs,140394
13321,Evangelical Hubs,140394
17001,Evangelical Hubs,140394
17025,Evangelical Hubs,140394
17055,Evangelical Hubs,140394
17081,Evangelical Hubs,140394
17121,Evangelical Hubs,140394
17127,Evangelical Hubs,140394
17157,Evangelical Hubs,140394
17165,Evangelical Hubs,140394
17177,Evangelical Hubs,140394
17181,Evangelical Hubs,140394
17199,Evangelical Hubs,140394
18001,Evangelical Hubs,140394
18027,Evangelical Hubs,140394
18087,Evangelical Hubs,140394
20035,Evangelical Hubs,140394
20099,Evangelical Hubs,140394
20125,Evangelical Hubs,140394
21007,Evangelical Hubs,140394
21009,Evangelical Hubs,140394
21013,Evangelical Hubs,140394
21017,Evangelical Hubs,140394
21019,Evangelical Hubs,140394
21021,Evangelical Hubs,140394
21023,Evangelical Hubs,140394
21027,Evangelical Hubs,140394
21031,Evangelical Hubs,140394
21033,Evangelical Hubs,140394
21041,Evangelical Hubs,140394
21049,Evangelical Hubs,140394
21051,Evangelical Hubs,140394
21053,Evangelical Hubs,140394
21059,Evangelical Hubs,140394
21077,Evangelical Hubs,140394
21079,Evangelical Hubs,140394
21083,Evangelical Hubs,140394
21085,Evangelical Hubs,140394
21087,Evangelical Hubs,140394
21091,Evangelical Hubs,140394
21097,Evangelical Hubs,140394
21099,Evangelical Hubs,140394
21101,Evangelical Hubs,140394
21103,Evangelical Hubs,140394
21105,Evangelical Hubs,140394
21107,Evangelical Hubs,140394
21121,Evangelical Hubs,140394
21123,Evangelical Hubs,140394
21125,Evangelical Hubs,140394
21137,Evangelical Hubs,140394
21141,Evangelical Hubs,140394
21145,Evangelical Hubs,140394
21149,Evangelical Hubs,140394
21155,Evangelical Hubs,140394
21161,Evangelical Hubs,140394
21167,Evangelical Hubs,140394
21169,Evangelical Hubs,140394
21171,Evangelical Hubs,140394
21177,Evangelical Hubs,140394
21183,Evangelical Hubs,140394
21187,Evangelical Hubs,140394
21191,Evangelical Hubs,140394
21197,Evangelical Hubs,140394
21199,Evangelical Hubs,140394
21203,Evangelical Hubs,140394
21213,Evangelical Hubs,140394
21217,Evangelical Hubs,140394
21219,Evangelical Hubs,140394
21221,Evangelical Hubs,140394
21225,Evangelical Hubs,140394
21229,Evangelical Hubs,140394
21233,Evangelical Hubs,140394
21235,Evangelical Hubs,140394
22011,Evangelical Hubs,140394
22021,Evangelical Hubs,140394
22025,Evangelical Hubs,140394
22041,Evangelical Hubs,140394
22043,Evangelical Hubs,140394
22049,Evangelical Hubs,140394
22059,Evangelical Hubs,140394
22085,Evangelical Hubs,140394
22111,Evangelical Hubs,140394
22123,Evangelical Hubs,140394
22127,Evangelical Hubs,140394
28003,Evangelical Hubs,140394
28009,Evangelical Hubs,140394
28019,Evangelical Hubs,140394
28023,Evangelical Hubs,140394
28037,Evangelical Hubs,140394
28039,Evangelical Hubs,140394
28041,Evangelical Hubs,140394
28057,Evangelical Hubs,140394
28077,Evangelical Hubs,140394
28079,Evangelical Hubs,140394
28091,Evangelical Hubs,140394
28099,Evangelical Hubs,140394
28109,Evangelical Hubs,140394
28111,Evangelical Hubs,140394
28115,Evangelical Hubs,140394
28117,Evangelical Hubs,140394
28123,Evangelical Hubs,140394
28127,Evangelical Hubs,140394
28129,Evangelical Hubs,140394
28139,Evangelical Hubs,140394
28141,Evangelical Hubs,140394
28145,Evangelical Hubs,140394
28153,Evangelical Hubs,140394
28155,Evangelical Hubs,140394
29009,Evangelical Hubs,140394
29023,Evangelical Hubs,140394
29053,Evangelical Hubs,140394
29065,Evangelical Hubs,140394
29069,Evangelical Hubs,140394
29079,Evangelical Hubs,140394
29083,Evangelical Hubs,140394
29097,Evangelical Hubs,140394
29105,Evangelical Hubs,140394
29107,Evangelical Hubs,140394
29109,Evangelical Hubs,140394
29117,Evangelical Hubs,140394
29131,Evangelical Hubs,140394
29135,Evangelical Hubs,140394
29143,Evangelical Hubs,140394
29145,Evangelical Hubs,140394
29159,Evangelical Hubs,140394
29163,Evangelical Hubs,140394
29175,Evangelical Hubs,140394
29187,Evangelical Hubs,140394
29195,Evangelical Hubs,140394
29201,Evangelical Hubs,140394
29217,Evangelical Hubs,140394
29229,Evangelical Hubs,140394
30083,Evangelical Hubs,140394
31073,Evangelical Hubs,140394
37003,Evangelical Hubs,140394
37013,Evangelical Hubs,140394
37023,Evangelical Hubs,140394
37027,Evangelical Hubs,140394
37035,Evangelical Hubs,140394
37045,Evangelical Hubs,140394
37071,Evangelical Hubs,140394
37073,Evangelical Hubs,140394
37111,Evangelical Hubs,140394
37115,Evangelical Hubs,140394
37161,Evangelical Hubs,140394
37167,Evangelical Hubs,140394
37171,Evangelical Hubs,140394
37193,Evangelical Hubs,140394
37197,Evangelical Hubs,140394
38057,Evangelical Hubs,140394
38105,Evangelical Hubs,140394
39075,Evangelical Hubs,140394
40005,Evangelical Hubs,140394
40007,Evangelical Hubs,140394
40009,Evangelical Hubs,140394
40013,Evangelical Hubs,140394
40015,Evangelical Hubs,140394
40019,Evangelical Hubs,140394
40023,Evangelical Hubs,140394
40029,Evangelical Hubs,140394
40033,Evangelical Hubs,140394
40035,Evangelical Hubs,140394
40037,Evangelical Hubs,140394
40043,Evangelical Hubs,140394
40045,Evangelical Hubs,140394
40049,Evangelical Hubs,140394
40051,Evangelical Hubs,140394
40061,Evangelical Hubs,140394
40063,Evangelical Hubs,140394
40067,Evangelical Hubs,140394
40069,Evangelical Hubs,140394
40071,Evangelical Hubs,140394
40073,Evangelical Hubs,140394
40075,Evangelical Hubs,140394
40077,Evangelical Hubs,140394
40079,Evangelical Hubs,140394
40081,Evangelical Hubs,140394
40085,Evangelical Hubs,140394
40087,Evangelical Hubs,140394
40089,Evangelical Hubs,140394
40093,Evangelical Hubs,140394
40097,Evangelical Hubs,140394
40099,Evangelical Hubs,140394
40101,Evangelical Hubs,140394
40103,Evangelical Hubs,140394
40105,Evangelical Hubs,140394
40107,Evangelical Hubs,140394
40111,Evangelical Hubs,140394
40113,Evangelical Hubs,140394
40115,Evangelical Hubs,140394
40117,Evangelical Hubs,140394
40121,Evangelical Hubs,140394
40125,Evangelical Hubs,140394
40127,Evangelical Hubs,140394
40129,Evangelical Hubs,140394
40133,Evangelical Hubs,140394
40135,Evangelical Hubs,140394
40137,Evangelical Hubs,140394
40147,Evangelical Hubs,140394
40149,Evangelical Hubs,140394
40153,Evangelical Hubs,140394
45007,Evangelical Hubs,140394
45021,Evangelical Hubs,140394
45047,Evangelical Hubs,140394
45059,Evangelical Hubs,140394
45073,Evangelical Hubs,140394
45083,Evangelical Hubs,140394
47001,Evangelical Hubs,140394
47005,Evangelical Hubs,140394
47011,Evangelical Hubs,140394
47017,Evangelical Hubs,140394
47019,Evangelical Hubs,140394
47023,Evangelical Hubs,140394
47025,Evangelical Hubs,140394
47031,Evangelical Hubs,140394
47033,Evangelical Hubs,140394
47039,Evangelical Hubs,140394
47041,Evangelical Hubs,140394
47045,Evangelical Hubs,140394
47051,Evangelical Hubs,140394
47053,Evangelical Hubs,140394
47055,Evangelical Hubs,140394
47057,Evangelical Hubs,140394
47059,Evangelical Hubs,140394
47063,Evangelical Hubs,140394
47067,Evangelical Hubs,140394
47071,Evangelical Hubs,140394
47073,Evangelical Hubs,140394
47077,Evangelical Hubs,140394
47079,Evangelical Hubs,140394
47085,Evangelical Hubs,140394
47089,Evangelical Hubs,140394
47091,Evangelical Hubs,140394
47099,Evangelical Hubs,140394
47103,Evangelical Hubs,140394
47107,Evangelical Hubs,140394
47109,Evangelical Hubs,140394
47117,Evangelical Hubs,140394
47121,Evangelical Hubs,140394
47123,Evangelical Hubs,140394
47129,Evangelical Hubs,140394
47131,Evangelical Hubs,140394
47139,Evangelical Hubs,140394
47143,Evangelical Hubs,140394
47145,Evangelical Hubs,140394
47153,Evangelical Hubs,140394
47161,Evangelical Hubs,140394
47163,Evangelical Hubs,140394
47177,Evangelical Hubs,140394
47183,Evangelical Hubs,140394
48009,Evangelical Hubs,140394
48011,Evangelical Hubs,140394
48049,Evangelical Hubs,140394
48065,Evangelical Hubs,140394
48067,Evangelical Hubs,140394
48077,Evangelical Hubs,140394
48119,Evangelical Hubs,140394
48133,Evangelical Hubs,140394
48147,Evangelical Hubs,140394
48179,Evangelical Hubs,140394
48181,Evangelical Hubs,140394
48199,Evangelical Hubs,140394
48211,Evangelical Hubs,140394
48223,Evangelical Hubs,140394
48231,Evangelical Hubs,140394
48233,Evangelical Hubs,140394
48237,Evangelical Hubs,140394
48239,Evangelical Hubs,140394
48241,Evangelical Hubs,140394
48277,Evangelical Hubs,140394
48287,Evangelical Hubs,140394
48291,Evangelical Hubs,140394
48343,Evangelical Hubs,140394
48361,Evangelical Hubs,140394
48365,Evangelical Hubs,140394
48387,Evangelical Hubs,140394
48399,Evangelical Hubs,140394
48401,Evangelical Hubs,140394
48417,Evangelical Hubs,140394
48429,Evangelical Hubs,140394
48457,Evangelical Hubs,140394
48459,Evangelical Hubs,140394
48467,Evangelical Hubs,140394
48487,Evangelical Hubs,140394
48503,Evangelical Hubs,140394
51037,Evangelical Hubs,140394
51105,Evangelical Hubs,140394
51191,Evangelical Hubs,140394
51515,Evangelical Hubs,140394
51520,Evangelical Hubs,140394
51530,Evangelical Hubs,140394
51570,Evangelical Hubs,140394
51580,Evangelical Hubs,140394
51640,Evangelical Hubs,140394
51720,Evangelical Hubs,140394
51770,Evangelical Hubs,140394
51820,Evangelical Hubs,140394
56043,Evangelical Hubs,140394
1019,Working Class Country,54507
5005,Working Class Country,54507
5015,Working Class Country,54507
5021,Working Class Country,54507
5023,Working Class Country,54507
5047,Working Class Country,54507
5049,Working Class Country,54507
5065,Working Class Country,54507
5075,Working Class Country,54507
5089,Working Class Country,54507
5101,Working Class Country,54507
5105,Working Class Country,54507
5113,Working Class Country,54507
5117,Working Class Country,54507
5121,Working Class Country,54507
5129,Working Class Country,54507
5135,Working Class Country,54507
5137,Working Class Country,54507
5141,Working Class Country,54507
8115,Working Class Country,54507
12029,Working Class Country,54507
13019,Working Class Country,54507
13111,Working Class Country,54507
13123,Working Class Country,54507
13129,Working Class Country,54507
13213,Working Class Country,54507
13241,Working Class Country,54507
13291,Working Class Country,54507
13311,Working Class Country,54507
16021,Working Class Country,54507
16049,Working Class Country,54507
16079,Working Class Country,54507
17013,Working Class Country,54507
17023,Working Class Country,54507
17047,Working Class Country,54507
17059,Working Class Country,54507
17065,Working Class Country,54507
17069,Working Class Country,54507
17071,Working Class Country,54507
17085,Working Class Country,54507
17149,Working Class Country,54507
17151,Working Class Country,54507
17191,Working Class Country,54507
17193,Working Class Country,54507
18025,Working Class Country,54507
18039,Working Class Country,54507
18079,Working Class Country,54507
18117,Working Class Country,54507
18119,Working Class Country,54507
18121,Working Class Country,54507
18143,Working Class Country,54507
18145,Working Class Country,54507
18149,Working Class Country,54507
18151,Working Class Country,54507
18155,Working Class Country,54507
18175,Working Class Country,54507
18181,Working Class Country,54507
19005,Working Class Country,54507
19007,Working Class Country,54507
19059,Working Class Country,54507
19185,Working Class Country,54507
20017,Working Class Country,54507
20019,Working Class Country,54507
20049,Working Class Country,54507
20073,Working Class Country,54507
20105,Working Class Country,54507
20205,Working Class Country,54507
20207,Working Class Country,54507
21001,Working Class Country,54507
21003,Working Class Country,54507
21011,Working Class Country,54507
21025,Working Class Country,54507
21039,Working Class Country,54507
21043,Working Class Country,54507
21045,Working Class Country,54507
21055,Working Class Country,54507
21057,Working Class Country,54507
21061,Working Class Country,54507
21063,Working Class Country,54507
21065,Working Class Country,54507
21071,Working Class Country,54507
21095,Working Class Country,54507
21109,Working Class Country,54507
21115,Working Class Country,54507
21119,Working Class Country,54507
21127,Working Class Country,54507
21129,Working Class Country,54507
21131,Working Class Country,54507
21133,Working Class Country,54507
21135,Working Class Country,54507
21139,Working Class Country,54507
21147,Working Class Country,54507
21153,Working Class Country,54507
21157,Working Class Country,54507
21159,Working Class Country,54507
21165,Working Class Country,54507
21173,Working Class Country,54507
21175,Working Class Country,54507
21181,Working Class Country,54507
21189,Working Class Country,54507
21193,Working Class Country,54507
21195,Working Class Country,54507
21207,Working Class Country,54507
21231,Working Class Country,54507
21237,Working Class Country,54507
24023,Working Class Country,54507
24029,Working Class Country,54507
26023,Working Class Country,54507
26027,Working Class Country,54507
26059,Working Class Country,54507
26063,Working Class Country,54507
26067,Working Class Country,54507
26091,Working Class Country,54507
26105,Working Class Country,54507
26113,Working Class Country,54507
26117,Working Class Country,54507
26123,Working Class Country,54507
26133,Working Class Country,54507
26147,Working Class Country,54507
26149,Working Class Country,54507
26151,Working Class Country,54507
26155,Working Class Country,54507
26159,Working Class Country,54507
26165,Working Class Country,54507
27005,Working Class Country,54507
27029,Working Class Country,54507
27035,Working Class Country,54507
27041,Working Class Country,54507
27065,Working Class Country,54507
27075,Working Class Country,54507
27111,Working Class Country,54507
27115,Working Class Country,54507
27121,Working Class Country,54507
27159,Working Class Country,54507
29033,Working Class Country,54507
29035,Working Class Country,54507
29039,Working Class Country,54507
29055,Working Class Country,54507
29057,Working Class Country,54507
29059,Working Class Country,54507
29061,Working Class Country,54507
29067,Working Class Country,54507
29073,Working Class Country,54507
29075,Working Class Country,54507
29081,Working Class Country,54507
29093,Working Class Country,54507
29111,Working Class Country,54507
29115,Working Class Country,54507
29119,Working Class Country,54507
29121,Working Class Country,54507
29123,Working Class Country,54507
29125,Working Class Country,54507
29137,Working Class Country,54507
29139,Working Class Country,54507
29149,Working Class Country,54507
29153,Working Class Country,54507
29179,Working Class Country,54507
29181,Working Class Country,54507
29185,Working Class Country,54507
29186,Working Class Country,54507
29197,Working Class Country,54507
29203,Working Class Country,54507
29205,Working Class Country,54507
29207,Working Class Country,54507
29215,Working Class Country,54507
29221,Working Class Country,54507
29223,Working Class Country,54507
30053,Working Class Country,54507
30061,Working Class Country,54507
30089,Working Class Country,54507
31097,Working Class Country,54507
35027,Working Class Country,54507
36049,Working Class Country,54507
36097,Working Class Country,54507
37009,Working Class Country,54507
37043,Working Class Country,54507
37057,Working Class Country,54507
37075,Working Class Country,54507
37087,Working Class Country,54507
37089,Working Class Country,54507
37113,Working Class Country,54507
37121,Working Class Country,54507
37125,Working Class Country,54507
37149,Working Class Country,54507
37151,Working Class Country,54507
37175,Working Class Country,54507
37199,Working Class Country,54507
39001,Working Class Country,54507
39015,Working Class Country,54507
39021,Working Class Country,54507
39027,Working Class Country,54507
39067,Working Class Country,54507
39071,Working Class Country,54507
39073,Working Class Country,54507
39077,Working Class Country,54507
39079,Working Class Country,54507
39087,Working Class Country,54507
39091,Working Class Country,54507
39105,Working Class Country,54507
39111,Working Class Country,54507
39115,Working Class Country,54507
39121,Working Class Country,54507
39123,Working Class Country,54507
39127,Working Class Country,54507
39131,Working Class Country,54507
39141,Working Class Country,54507
39145,Working Class Country,54507
39163,Working Class Country,54507
40041,Working Class Country,54507
40091,Working Class Country,54507
40095,Working Class Country,54507
42025,Working Class Country,54507
42059,Working Class Country,54507
42123,Working Class Country,54507
42127,Working Class Country,54507
47003,Working Class Country,54507
47007,Working Class Country,54507
47013,Working Class Country,54507
47015,Working Class Country,54507
47027,Working Class Country,54507
47029,Working Class Country,54507
47035,Working Class Country,54507
47049,Working Class Country,54507
47061,Working Class Country,54507
47081,Working Class Country,54507
47083,Working Class Country,54507
47087,Working Class Country,54507
47101,Working Class Country,54507
47105,Working Class Country,54507
47111,Working Class Country,54507
47115,Working Class Country,54507
47127,Working Class Country,54507
47135,Working Class Country,54507
47137,Working Class Country,54507
47151,Working Class Country,54507
47159,Working Class Country,54507
47169,Working Class Country,54507
47171,Working Class Country,54507
47173,Working Class Country,54507
47175,Working Class Country,54507
47181,Working Class Country,54507
47185,Working Class Country,54507
48007,Working Class Country,54507
48015,Working Class Country,54507
48019,Working Class Country,54507
48031,Working Class Country,54507
48035,Working Class Country,54507
48051,Working Class Country,54507
48053,Working Class Country,54507
48059,Working Class Country,54507
48083,Working Class Country,54507
48089,Working Class Country,54507
48097,Working Class Country,54507
48149,Working Class Country,54507
48159,Working Class Country,54507
48171,Working Class Country,54507
48193,Working Class Country,54507
48213,Working Class Country,54507
48217,Working Class Country,54507
48221,Working Class Country,54507
48265,Working Class Country,54507
48281,Working Class Country,54507
48285,Working Class Country,54507
48289,Working Class Country,54507
48331,Working Class Country,54507
48337,Working Class Country,54507
48363,Working Class Country,54507
48379,Working Class Country,54507
48477,Working Class Country,54507
48499,Working Class Country,54507
51017,Working Class Country,54507
51021,Working Class Country,54507
51027,Working Class Country,54507
51035,Working Class Country,54507
51051,Working Class Country,54507
51063,Working Class Country,54507
51067,Working Class Country,54507
51077,Working Class Country,54507
51125,Working Class Country,54507
51139,Working Class Country,54507
51141,Working Class Country,54507
51167,Working Class Country,54507
51169,Working Class Country,54507
51185,Working Class Country,54507
51195,Working Class Country,54507
53051,Working Class Country,54507
54001,Working Class Country,54507
54005,Working Class Country,54507
54007,Working Class Country,54507
54013,Working Class Country,54507
54015,Working Class Country,54507
54017,Working Class Country,54507
54019,Working Class Country,54507
54027,Working Class Country,54507
54031,Working Class Country,54507
54033,Working Class Country,54507
54035,Working Class Country,54507
54041,Working Class Country,54507
54043,Working Class Country,54507
54045,Working Class Country,54507
54047,Working Class Country,54507
54049,Working Class Country,54507
54053,Working Class Country,54507
54055,Working Class Country,54507
54059,Working Class Country,54507
54063,Working Class Country,54507
54065,Working Class Country,54507
54067,Working Class Country,54507
54071,Working Class Country,54507
54073,Working Class Country,54507
54077,Working Class Country,54507
54081,Working Class Country,54507
54085,Working Class Country,54507
54087,Working Class Country,54507
54089,Working Class Country,54507
54091,Working Class Country,54507
54095,Working Class Country,54507
54099,Working Class Country,54507
54101,Working Class Country,54507
54103,Working Class Country,54507
54105,Working Class Country,54507
54109,Working Class Country,54507
55005,Working Class Country,54507
55029,Working Class Country,54507
55047,Working Class Country,54507
55057,Working Class Country,54507
55067,Working Class Country,54507
55069,Working Class Country,54507
55075,Working Class Country,54507
55077,Working Class Country,54507
55083,Working Class Country,54507
55095,Working Class Country,54507
55099,Working Class Country,54507
55107,Working Class Country,54507
55115,Working Class Country,54507
55135,Working Class Country,54507
55137,Working Class Country,54507
1031,Military Posts,14067
1045,Military Posts,14067
2020,Military Posts,14067
2060,Military Posts,14067
2068,Military Posts,14067
2090,Military Posts,14067
2110,Military Posts,14067
2130,Military Posts,14067
2150,Military Posts,14067
2220,Military Posts,14067
2240,Military Posts,14067
2261,Military Posts,14067
2282,Military Posts,14067
4003,Military Posts,14067
8041,Military Posts,14067
9011,Military Posts,14067
10001,Military Posts,14067
12003,Military Posts,14067
12005,Military Posts,14067
12033,Military Posts,14067
12091,Military Posts,14067
13029,Military Posts,14067
13039,Military Posts,14067
13053,Military Posts,14067
13073,Military Posts,14067
13127,Military Posts,14067
13153,Military Posts,14067
13173,Military Posts,14067
13179,Military Posts,14067
13183,Military Posts,14067
16039,Military Posts,14067
17163,Military Posts,14067
20061,Military Posts,14067
20103,Military Posts,14067
21047,Military Posts,14067
21093,Military Posts,14067
21163,Military Posts,14067
22015,Military Posts,14067
22019,Military Posts,14067
22087,Military Posts,14067
22105,Military Posts,14067
22115,Military Posts,14067
22121,Military Posts,14067
24009,Military Posts,14067
24017,Military Posts,14067
24037,Military Posts,14067
28047,Military Posts,14067
28059,Military Posts,14067
28131,Military Posts,14067
29101,Military Posts,14067
29169,Military Posts,14067
30013,Military Posts,14067
31153,Military Posts,14067
35009,Military Posts,14067
35035,Military Posts,14067
36045,Military Posts,14067
37049,Military Posts,14067
37051,Military Posts,14067
37085,Military Posts,14067
37093,Military Posts,14067
37133,Military Posts,14067
37139,Military Posts,14067
37191,Military Posts,14067
38101,Military Posts,14067
40031,Military Posts,14067
40065,Military Posts,14067
45013,Military Posts,14067
45015,Military Posts,14067
45035,Military Posts,14067
46093,Military Posts,14067
46103,Military Posts,14067
47125,Military Posts,14067
48027,Military Posts,14067
48099,Military Posts,14067
48441,Military Posts,14067
48451,Military Posts,14067
48485,Military Posts,14067
51099,Military Posts,14067
51149,Military Posts,14067
51177,Military Posts,14067
51179,Military Posts,14067
51199,Military Posts,14067
51550,Military Posts,14067
51800,Military Posts,14067
51810,Military Posts,14067
53029,Military Posts,14067
53035,Military Posts,14067
53067,Military Posts,14067
56021,Military Posts,14067
1089,Urban Suburbs,65176
4019,Urban Suburbs,65176
5119,Urban Suburbs,65176
6013,Urban Suburbs,65176
6041,Urban Suburbs,65176
6055,Urban Suburbs,65176
6059,Urban Suburbs,65176
6065,Urban Suburbs,65176
6071,Urban Suburbs,65176
6081,Urban Suburbs,65176
6083,Urban Suburbs,65176
6087,Urban Suburbs,65176
6095,Urban Suburbs,65176
6097,Urban Suburbs,65176
6111,Urban Suburbs,65176
6113,Urban Suburbs,65176
8005,Urban Suburbs,65176
8014,Urban Suburbs,65176
9001,Urban Suburbs,65176
9003,Urban Suburbs,65176
9009,Urban Suburbs,65176
10003,Urban Suburbs,65176
12011,Urban Suburbs,65176
12057,Urban Suburbs,65176
12095,Urban Suburbs,65176
12099,Urban Suburbs,65176
12103,Urban Suburbs,65176
12117,Urban Suburbs,65176
13051,Urban Suburbs,65176
13067,Urban Suburbs,65176
13089,Urban Suburbs,65176
13135,Urban Suburbs,65176
15003,Urban Suburbs,65176
15005,Urban Suburbs,65176
15007,Urban Suburbs,65176
15009,Urban Suburbs,65176
17043,Urban Suburbs,65176
18003,Urban Suburbs,65176
22033,Urban Suburbs,65176
22055,Urban Suburbs,65176
24005,Urban Suburbs,65176
24027,Urban Suburbs,65176
24031,Urban Suburbs,65176
24033,Urban Suburbs,65176
25005,Urban Suburbs,65176
25009,Urban Suburbs,65176
25013,Urban Suburbs,65176
25017,Urban Suburbs,65176
25021,Urban Suburbs,65176
25027,Urban Suburbs,65176
26081,Urban Suburbs,65176
26125,Urban Suburbs,65176
28089,Urban Suburbs,65176
29189,Urban Suburbs,65176
32031,Urban Suburbs,65176
34001,Urban Suburbs,65176
34003,Urban Suburbs,65176
34007,Urban Suburbs,65176
34013,Urban Suburbs,65176
34017,Urban Suburbs,65176
34021,Urban Suburbs,65176
34023,Urban Suburbs,65176
34025,Urban Suburbs,65176
34027,Urban Suburbs,65176
34031,Urban Suburbs,65176
34035,Urban Suburbs,65176
34039,Urban Suburbs,65176
35028,Urban Suburbs,65176
35049,Urban Suburbs,65176
36029,Urban Suburbs,65176
36055,Urban Suburbs,65176
36059,Urban Suburbs,65176
36067,Urban Suburbs,65176
36071,Urban Suburbs,65176
36079,Urban Suburbs,65176
36087,Urban Suburbs,65176
36103,Urban Suburbs,65176
36119,Urban Suburbs,65176
37063,Urban Suburbs,65176
37067,Urban Suburbs,65176
37081,Urban Suburbs,65176
39061,Urban Suburbs,65176
39095,Urban Suburbs,65176
39113,Urban Suburbs,65176
41067,Urban Suburbs,65176
42003,Urban Suburbs,65176
42045,Urban Suburbs,65176
42091,Urban Suburbs,65176
44007,Urban Suburbs,65176
45019,Urban Suburbs,65176
45045,Urban Suburbs,65176
47065,Urban Suburbs,65176
48183,Urban Suburbs,65176
48423,Urban Suburbs,65176
51013,Urban Suburbs,65176
51059,Urban Suburbs,65176
51087,Urban Suburbs,65176
51107,Urban Suburbs,65176
51510,Urban Suburbs,65176
51600,Urban Suburbs,65176
51610,Urban Suburbs,65176
51683,Urban Suburbs,65176
51685,Urban Suburbs,65176
53011,Urban Suburbs,65176
53053,Urban Suburbs,65176
53061,Urban Suburbs,65176
4023,Hispanic Centers,60391
4027,Hispanic Centers,60391
5133,Hispanic Centers,60391
5149,Hispanic Centers,60391
6011,Hispanic Centers,60391
6019,Hispanic Centers,60391
6021,Hispanic Centers,60391
6025,Hispanic Centers,60391
6029,Hispanic Centers,60391
6031,Hispanic Centers,60391
6039,Hispanic Centers,60391
6047,Hispanic Centers,60391
6053,Hispanic Centers,60391
6069,Hispanic Centers,60391
6077,Hispanic Centers,60391
6099,Hispanic Centers,60391
6101,Hispanic Centers,60391
6107,Hispanic Centers,60391
8021,Hispanic Centers,60391
8023,Hispanic Centers,60391
8063,Hispanic Centers,60391
8095,Hispanic Centers,60391
8105,Hispanic Centers,60391
8109,Hispanic Centers,60391
8125,Hispanic Centers,60391
12027,Hispanic Centers,60391
12049,Hispanic Centers,60391
12051,Hispanic Centers,60391
12097,Hispanic Centers,60391
13003,Hispanic Centers,60391
13101,Hispanic Centers,60391
13139,Hispanic Centers,60391
13313,Hispanic Centers,60391
16031,Hispanic Centers,60391
16033,Hispanic Centers,60391
16047,Hispanic Centers,60391
16053,Hispanic Centers,60391
16067,Hispanic Centers,60391
16073,Hispanic Centers,60391
16077,Hispanic Centers,60391
17017,Hispanic Centers,60391
19021,Hispanic Centers,60391
19047,Hispanic Centers,60391
20055,Hispanic Centers,60391
20057,Hispanic Centers,60391
20067,Hispanic Centers,60391
20075,Hispanic Centers,60391
20081,Hispanic Centers,60391
20093,Hispanic Centers,60391
20175,Hispanic Centers,60391
20187,Hispanic Centers,60391
20189,Hispanic Centers,60391
20203,Hispanic Centers,60391
27105,Hispanic Centers,60391
27165,Hispanic Centers,60391
29211,Hispanic Centers,60391
31037,Hispanic Centers,60391
31043,Hispanic Centers,60391
31047,Hispanic Centers,60391
31151,Hispanic Centers,60391
34011,Hispanic Centers,60391
35005,Hispanic Centers,60391
35006,Hispanic Centers,60391
35013,Hispanic Centers,60391
35015,Hispanic Centers,60391
35019,Hispanic Centers,60391
35023,Hispanic Centers,60391
35025,Hispanic Centers,60391
35029,Hispanic Centers,60391
35039,Hispanic Centers,60391
35047,Hispanic Centers,60391
35053,Hispanic Centers,60391
35055,Hispanic Centers,60391
35059,Hispanic Centers,60391
35061,Hispanic Centers,60391
40139,Hispanic Centers,60391
41027,Hispanic Centers,60391
41049,Hispanic Centers,60391
48003,Hispanic Centers,60391
48013,Hispanic Centers,60391
48017,Hispanic Centers,60391
48025,Hispanic Centers,60391
48047,Hispanic Centers,60391
48055,Hispanic Centers,60391
48057,Hispanic Centers,60391
48061,Hispanic Centers,60391
48069,Hispanic Centers,60391
48079,Hispanic Centers,60391
48087,Hispanic Centers,60391
48095,Hispanic Centers,60391
48103,Hispanic Centers,60391
48107,Hispanic Centers,60391
48109,Hispanic Centers,60391
48111,Hispanic Centers,60391
48117,Hispanic Centers,60391
48127,Hispanic Centers,60391
48131,Hispanic Centers,60391
48135,Hispanic Centers,60391
48137,Hispanic Centers,60391
48141,Hispanic Centers,60391
48153,Hispanic Centers,60391
48163,Hispanic Centers,60391
48165,Hispanic Centers,60391
48169,Hispanic Centers,60391
48177,Hispanic Centers,60391
48189,Hispanic Centers,60391
48191,Hispanic Centers,60391
48195,Hispanic Centers,60391
48215,Hispanic Centers,60391
48219,Hispanic Centers,60391
48229,Hispanic Centers,60391
48247,Hispanic Centers,60391
48249,Hispanic Centers,60391
48261,Hispanic Centers,60391
48271,Hispanic Centers,60391
48273,Hispanic Centers,60391
48279,Hispanic Centers,60391
48283,Hispanic Centers,60391
48295,Hispanic Centers,60391
48305,Hispanic Centers,60391
48317,Hispanic Centers,60391
48321,Hispanic Centers,60391
48323,Hispanic Centers,60391
48325,Hispanic Centers,60391
48329,Hispanic Centers,60391
48341,Hispanic Centers,60391
48355,Hispanic Centers,60391
48357,Hispanic Centers,60391
48369,Hispanic Centers,60391
48371,Hispanic Centers,60391
48375,Hispanic Centers,60391
48377,Hispanic Centers,60391
48383,Hispanic Centers,60391
48389,Hispanic Centers,60391
48391,Hispanic Centers,60391
48409,Hispanic Centers,60391
48413,Hispanic Centers,60391
48415,Hispanic Centers,60391
48421,Hispanic Centers,60391
48427,Hispanic Centers,60391
48431,Hispanic Centers,60391
48435,Hispanic Centers,60391
48437,Hispanic Centers,60391
48449,Hispanic Centers,60391
48461,Hispanic Centers,60391
48463,Hispanic Centers,60391
48465,Hispanic Centers,60391
48469,Hispanic Centers,60391
48473,Hispanic Centers,60391
48475,Hispanic Centers,60391
48479,Hispanic Centers,60391
48481,Hispanic Centers,60391
48489,Hispanic Centers,60391
48501,Hispanic Centers,60391
48505,Hispanic Centers,60391
48507,Hispanic Centers,60391
53001,Hispanic Centers,60391
53017,Hispanic Centers,60391
53021,Hispanic Centers,60391
53025,Hispanic Centers,60391
53077,Hispanic Centers,60391
2013,Native American Lands,5575
2016,Native American Lands,5575
2050,Native American Lands,5575
2070,Native American Lands,5575
2164,Native American Lands,5575
2180,Native American Lands,5575
2185,Native American Lands,5575
2188,Native American Lands,5575
2270,Native American Lands,5575
2290,Native American Lands,5575
4001,Native American Lands,5575
4009,Native American Lands,5575
4017,Native American Lands,5575
27087,Native American Lands,5575
30003,Native American Lands,5575
30005,Native American Lands,5575
30015,Native American Lands,5575
30035,Native American Lands,5575
30085,Native American Lands,5575
30087,Native American Lands,5575
31173,Native American Lands,5575
32021,Native American Lands,5575
35031,Native American Lands,5575
35045,Native American Lands,5575
37155,Native American Lands,5575
38005,Native American Lands,5575
38079,Native American Lands,5575
38085,Native American Lands,5575
40001,Native American Lands,5575
46007,Native American Lands,5575
46017,Native American Lands,5575
46023,Native American Lands,5575
46031,Native American Lands,5575
46041,Native American Lands,5575
46071,Native American Lands,5575
46085,Native American Lands,5575
46095,Native American Lands,5575
46109,Native American Lands,5575
46113,Native American Lands,5575
46121,Native American Lands,5575
46137,Native American Lands,5575
49037,Native American Lands,5575
55078,Native American Lands,5575
2195,Rural Middle America,275735
2275,Rural Middle America,275735
5087,Rural Middle America,275735
8009,Rural Middle America,275735
8017,Rural Middle America,275735
8075,Rural Middle America,275735
8121,Rural Middle America,275735
13083,Rural Middle America,275735
16069,Rural Middle America,275735
17005,Rural Middle America,275735
17011,Rural Middle America,275735
17015,Rural Middle America,275735
17021,Rural Middle America,275735
17027,Rural Middle America,275735
17033,Rural Middle America,275735
17035,Rural Middle America,275735
17039,Rural Middle America,275735
17041,Rural Middle America,275735
17045,Rural Middle America,275735
17049,Rural Middle America,275735
17051,Rural Middle America,275735
17053,Rural Middle America,275735
17057,Rural Middle America,275735
17061,Rural Middle America,275735
17067,Rural Middle America,275735
17073,Rural Middle America,275735
17075,Rural Middle America,275735
17079,Rural Middle America,275735
17083,Rural Middle America,275735
17091,Rural Middle America,275735
17095,Rural Middle America,275735
17099,Rural Middle America,275735
17101,Rural Middle America,275735
17103,Rural Middle America,275735
17105,Rural Middle America,275735
17107,Rural Middle America,275735
17115,Rural Middle America,275735
17117,Rural Middle America,275735
17123,Rural Middle America,275735
17125,Rural Middle America,275735
17129,Rural Middle America,275735
17131,Rural Middle America,275735
17133,Rural Middle America,275735
17135,Rural Middle America,275735
17137,Rural Middle America,275735
17139,Rural Middle America,275735
17141,Rural Middle America,275735
17147,Rural Middle America,275735
17155,Rural Middle America,275735
17159,Rural Middle America,275735
17169,Rural Middle America,275735
17171,Rural Middle America,275735
17173,Rural Middle America,275735
17175,Rural Middle America,275735
17179,Rural Middle America,275735
17183,Rural Middle America,275735
17185,Rural Middle America,275735
17187,Rural Middle America,275735
17189,Rural Middle America,275735
17195,Rural Middle America,275735
17203,Rural Middle America,275735
18005,Rural Middle America,275735
18007,Rural Middle America,275735
18009,Rural Middle America,275735
18011,Rural Middle America,275735
18015,Rural Middle America,275735
18017,Rural Middle America,275735
18021,Rural Middle America,275735
18023,Rural Middle America,275735
18029,Rural Middle America,275735
18031,Rural Middle America,275735
18033,Rural Middle America,275735
18037,Rural Middle America,275735
18041,Rural Middle America,275735
18045,Rural Middle America,275735
18047,Rural Middle America,275735
18049,Rural Middle America,275735
18051,Rural Middle America,275735
18053,Rural Middle America,275735
18055,Rural Middle America,275735
18061,Rural Middle America,275735
18065,Rural Middle America,275735
18069,Rural Middle America,275735
18071,Rural Middle America,275735
18073,Rural Middle America,275735
18075,Rural Middle America,275735
18077,Rural Middle America,275735
18083,Rural Middle America,275735
18085,Rural Middle America,275735
18091,Rural Middle America,275735
18093,Rural Middle America,275735
18099,Rural Middle America,275735
18101,Rural Middle America,275735
18103,Rural Middle America,275735
18107,Rural Middle America,275735
18109,Rural Middle America,275735
18111,Rural Middle America,275735
18113,Rural Middle America,275735
18115,Rural Middle America,275735
18123,Rural Middle America,275735
18125,Rural Middle America,275735
18129,Rural Middle America,275735
18131,Rural Middle America,275735
18133,Rural Middle America,275735
18135,Rural Middle America,275735
18137,Rural Middle America,275735
18139,Rural Middle America,275735
18147,Rural Middle America,275735
18159,Rural Middle America,275735
18161,Rural Middle America,275735
18165,Rural Middle America,275735
18169,Rural Middle America,275735
18171,Rural Middle America,275735
18173,Rural Middle America,275735
18177,Rural Middle America,275735
18179,Rural Middle America,275735
18183,Rural Middle America,275735
19001,Rural Middle America,275735
19003,Rural Middle America,275735
19011,Rural Middle America,275735
19015,Rural Middle America,275735
19017,Rural Middle America,275735
19019,Rural Middle America,275735
19023,Rural Middle America,275735
19027,Rural Middle America,275735
19029,Rural Middle America,275735
19031,Rural Middle America,275735
19033,Rural Middle America,275735
19037,Rural Middle America,275735
19039,Rural Middle America,275735
19041,Rural Middle America,275735
19043,Rural Middle America,275735
19045,Rural Middle America,275735
19053,Rural Middle America,275735
19055,Rural Middle America,275735
19057,Rural Middle America,275735
19061,Rural Middle America,275735
19063,Rural Middle America,275735
19065,Rural Middle America,275735
19067,Rural Middle America,275735
19069,Rural Middle America,275735
19071,Rural Middle America,275735
19073,Rural Middle America,275735
19075,Rural Middle America,275735
19077,Rural Middle America,275735
19079,Rural Middle America,275735
19081,Rural Middle America,275735
19083,Rural Middle America,275735
19085,Rural Middle America,275735
19087,Rural Middle America,275735
19089,Rural Middle America,275735
19091,Rural Middle America,275735
19093,Rural Middle America,275735
19095,Rural Middle America,275735
19097,Rural Middle America,275735
19099,Rural Middle America,275735
19101,Rural Middle America,275735
19105,Rural Middle America,275735
19107,Rural Middle America,275735
19111,Rural Middle America,275735
19115,Rural Middle America,275735
19117,Rural Middle America,275735
19119,Rural Middle America,275735
19121,Rural Middle America,275735
19123,Rural Middle America,275735
19125,Rural Middle America,275735
19127,Rural Middle America,275735
19129,Rural Middle America,275735
19131,Rural Middle America,275735
19133,Rural Middle America,275735
19135,Rural Middle America,275735
19137,Rural Middle America,275735
19139,Rural Middle America,275735
19141,Rural Middle America,275735
19143,Rural Middle America,275735
19145,Rural Middle America,275735
19147,Rural Middle America,275735
19149,Rural Middle America,275735
19151,Rural Middle America,275735
19155,Rural Middle America,275735
19157,Rural Middle America,275735
19165,Rural Middle America,275735
19167,Rural Middle America,275735
19171,Rural Middle America,275735
19173,Rural Middle America,275735
19175,Rural Middle America,275735
19177,Rural Middle America,275735
19179,Rural Middle America,275735
19181,Rural Middle America,275735
19183,Rural Middle America,275735
19187,Rural Middle America,275735
19189,Rural Middle America,275735
19191,Rural Middle America,275735
19193,Rural Middle America,275735
19195,Rural Middle America,275735
19197,Rural Middle America,275735
20001,Rural Middle America,275735
20003,Rural Middle America,275735
20005,Rural Middle America,275735
20007,Rural Middle America,275735
20009,Rural Middle America,275735
20011,Rural Middle America,275735
20013,Rural Middle America,275735
20015,Rural Middle America,275735
20021,Rural Middle America,275735
20025,Rural Middle America,275735
20027,Rural Middle America,275735
20029,Rural Middle America,275735
20031,Rural Middle America,275735
20041,Rural Middle America,275735
20043,Rural Middle America,275735
20047,Rural Middle America,275735
20053,Rural Middle America,275735
20059,Rural Middle America,275735
20069,Rural Middle America,275735
20071,Rural Middle America,275735
20077,Rural Middle America,275735
20079,Rural Middle America,275735
20085,Rural Middle America,275735
20087,Rural Middle America,275735
20095,Rural Middle America,275735
20097,Rural Middle America,275735
20107,Rural Middle America,275735
20113,Rural Middle America,275735
20115,Rural Middle America,275735
20117,Rural Middle America,275735
20119,Rural Middle America,275735
20121,Rural Middle America,275735
20123,Rural Middle America,275735
20127,Rural Middle America,275735
20129,Rural Middle America,275735
20131,Rural Middle America,275735
20133,Rural Middle America,275735
20137,Rural Middle America,275735
20139,Rural Middle America,275735
20143,Rural Middle America,275735
20145,Rural Middle America,275735
20149,Rural Middle America,275735
20151,Rural Middle America,275735
20155,Rural Middle America,275735
20159,Rural Middle America,275735
20163,Rural Middle America,275735
20169,Rural Middle America,275735
20181,Rural Middle America,275735
20191,Rural Middle America,275735
20193,Rural Middle America,275735
20197,Rural Middle America,275735
21069,Rural Middle America,275735
21089,Rural Middle America,275735
21223,Rural Middle America,275735
21239,Rural Middle America,275735
23011,Rural Middle America,275735
23019,Rural Middle America,275735
23023,Rural Middle America,275735
23031,Rural Middle America,275735
24001,Rural Middle America,275735
25003,Rural Middle America,275735
25011,Rural Middle America,275735
26005,Rural Middle America,275735
26007,Rural Middle America,275735
26015,Rural Middle America,275735
26017,Rural Middle America,275735
26021,Rural Middle America,275735
26025,Rural Middle America,275735
26041,Rural Middle America,275735
26043,Rural Middle America,275735
26045,Rural Middle America,275735
26047,Rural Middle America,275735
26055,Rural Middle America,275735
26057,Rural Middle America,275735
26087,Rural Middle America,275735
26103,Rural Middle America,275735
26109,Rural Middle America,275735
26111,Rural Middle America,275735
26121,Rural Middle America,275735
26139,Rural Middle America,275735
26157,Rural Middle America,275735
27009,Rural Middle America,275735
27015,Rural Middle America,275735
27017,Rural Middle America,275735
27023,Rural Middle America,275735
27033,Rural Middle America,275735
27039,Rural Middle America,275735
27043,Rural Middle America,275735
27045,Rural Middle America,275735
27047,Rural Middle America,275735
27049,Rural Middle America,275735
27051,Rural Middle America,275735
27055,Rural Middle America,275735
27063,Rural Middle America,275735
27067,Rural Middle America,275735
27079,Rural Middle America,275735
27083,Rural Middle America,275735
27085,Rural Middle America,275735
27089,Rural Middle America,275735
27091,Rural Middle America,275735
27093,Rural Middle America,275735
27097,Rural Middle America,275735
27099,Rural Middle America,275735
27101,Rural Middle America,275735
27113,Rural Middle America,275735
27117,Rural Middle America,275735
27119,Rural Middle America,275735
27125,Rural Middle America,275735
27127,Rural Middle America,275735
27129,Rural Middle America,275735
27133,Rural Middle America,275735
27135,Rural Middle America,275735
27137,Rural Middle America,275735
27143,Rural Middle America,275735
27147,Rural Middle America,275735
27153,Rural Middle America,275735
27157,Rural Middle America,275735
27161,Rural Middle America,275735
27167,Rural Middle America,275735
27173,Rural Middle America,275735
29003,Rural Middle America,275735
29007,Rural Middle America,275735
29011,Rural Middle America,275735
29013,Rural Middle America,275735
29017,Rural Middle America,275735
29025,Rural Middle America,275735
29045,Rural Middle America,275735
29071,Rural Middle America,275735
29091,Rural Middle America,275735
29127,Rural Middle America,275735
29151,Rural Middle America,275735
29157,Rural Middle America,275735
29167,Rural Middle America,275735
29171,Rural Middle America,275735
29173,Rural Middle America,275735
29177,Rural Middle America,275735
29199,Rural Middle America,275735
30017,Rural Middle America,275735
30021,Rural Middle America,275735
30027,Rural Middle America,275735
30073,Rural Middle America,275735
30093,Rural Middle America,275735
30099,Rural Middle America,275735
30101,Rural Middle America,275735
30105,Rural Middle America,275735
30111,Rural Middle America,275735
31001,Rural Middle America,275735
31003,Rural Middle America,275735
31011,Rural Middle America,275735
31013,Rural Middle America,275735
31023,Rural Middle America,275735
31025,Rural Middle America,275735
31027,Rural Middle America,275735
31031,Rural Middle America,275735
31033,Rural Middle America,275735
31035,Rural Middle America,275735
31039,Rural Middle America,275735
31041,Rural Middle America,275735
31051,Rural Middle America,275735
31053,Rural Middle America,275735
31059,Rural Middle America,275735
31067,Rural Middle America,275735
31079,Rural Middle America,275735
31081,Rural Middle America,275735
31087,Rural Middle America,275735
31089,Rural Middle America,275735
31093,Rural Middle America,275735
31099,Rural Middle America,275735
31105,Rural Middle America,275735
31111,Rural Middle America,275735
31119,Rural Middle America,275735
31121,Rural Middle America,275735
31127,Rural Middle America,275735
31131,Rural Middle America,275735
31135,Rural Middle America,275735
31137,Rural Middle America,275735
31139,Rural Middle America,275735
31141,Rural Middle America,275735
31143,Rural Middle America,275735
31145,Rural Middle America,275735
31147,Rural Middle America,275735
31155,Rural Middle America,275735
31157,Rural Middle America,275735
31159,Rural Middle America,275735
31167,Rural Middle America,275735
31177,Rural Middle America,275735
31185,Rural Middle America,275735
33001,Rural Middle America,275735
33009,Rural Middle America,275735
33019,Rural Middle America,275735
36003,Rural Middle America,275735
36009,Rural Middle America,275735
36011,Rural Middle America,275735
36013,Rural Middle America,275735
36017,Rural Middle America,275735
36021,Rural Middle America,275735
36023,Rural Middle America,275735
36035,Rural Middle America,275735
36037,Rural Middle America,275735
36043,Rural Middle America,275735
36051,Rural Middle America,275735
36053,Rural Middle America,275735
36057,Rural Middle America,275735
36063,Rural Middle America,275735
36065,Rural Middle America,275735
36069,Rural Middle America,275735
36073,Rural Middle America,275735
36075,Rural Middle America,275735
36077,Rural Middle America,275735
36095,Rural Middle America,275735
36099,Rural Middle America,275735
36101,Rural Middle America,275735
36107,Rural Middle America,275735
36113,Rural Middle America,275735
36115,Rural Middle America,275735
36117,Rural Middle America,275735
36121,Rural Middle America,275735
36123,Rural Middle America,275735
37059,Rural Middle America,275735
37169,Rural Middle America,275735
38003,Rural Middle America,275735
38021,Rural Middle America,275735
38053,Rural Middle America,275735
38059,Rural Middle America,275735
38065,Rural Middle America,275735
38067,Rural Middle America,275735
38071,Rural Middle America,275735
38077,Rural Middle America,275735
38089,Rural Middle America,275735
38093,Rural Middle America,275735
38097,Rural Middle America,275735
39005,Rural Middle America,275735
39007,Rural Middle America,275735
39011,Rural Middle America,275735
39013,Rural Middle America,275735
39019,Rural Middle America,275735
39029,Rural Middle America,275735
39031,Rural Middle America,275735
39033,Rural Middle America,275735
39037,Rural Middle America,275735
39039,Rural Middle America,275735
39043,Rural Middle America,275735
39047,Rural Middle America,275735
39051,Rural Middle America,275735
39053,Rural Middle America,275735
39059,Rural Middle America,275735
39063,Rural Middle America,275735
39065,Rural Middle America,275735
39069,Rural Middle America,275735
39081,Rural Middle America,275735
39083,Rural Middle America,275735
39097,Rural Middle America,275735
39101,Rural Middle America,275735
39107,Rural Middle America,275735
39117,Rural Middle America,275735
39119,Rural Middle America,275735
39125,Rural Middle America,275735
39129,Rural Middle America,275735
39135,Rural Middle America,275735
39137,Rural Middle America,275735
39143,Rural Middle America,275735
39147,Rural Middle America,275735
39149,Rural Middle America,275735
39157,Rural Middle America,275735
39161,Rural Middle America,275735
39167,Rural Middle America,275735
39169,Rural Middle America,275735
39171,Rural Middle America,275735
39175,Rural Middle America,275735
40011,Rural Middle America,275735
40047,Rural Middle America,275735
40055,Rural Middle America,275735
41009,Rural Middle America,275735
41017,Rural Middle America,275735
41055,Rural Middle America,275735
42001,Rural Middle America,275735
42005,Rural Middle America,275735
42009,Rural Middle America,275735
42015,Rural Middle America,275735
42021,Rural Middle America,275735
42031,Rural Middle America,275735
42033,Rural Middle America,275735
42035,Rural Middle America,275735
42037,Rural Middle America,275735
42039,Rural Middle America,275735
42047,Rural Middle America,275735
42049,Rural Middle America,275735
42051,Rural Middle America,275735
42055,Rural Middle America,275735
42057,Rural Middle America,275735
42063,Rural Middle America,275735
42065,Rural Middle America,275735
42067,Rural Middle America,275735
42081,Rural Middle America,275735
42083,Rural Middle America,275735
42085,Rural Middle America,275735
42087,Rural Middle America,275735
42093,Rural Middle America,275735
42097,Rural Middle America,275735
42099,Rural Middle America,275735
42107,Rural Middle America,275735
42109,Rural Middle America,275735
42111,Rural Middle America,275735
42115,Rural Middle America,275735
42117,Rural Middle America,275735
42119,Rural Middle America,275735
42121,Rural Middle America,275735
42131,Rural Middle America,275735
46003,Rural Middle America,275735
46005,Rural Middle America,275735
46009,Rural Middle America,275735
46013,Rural Middle America,275735
46015,Rural Middle America,275735
46029,Rural Middle America,275735
46035,Rural Middle America,275735
46039,Rural Middle America,275735
46045,Rural Middle America,275735
46051,Rural Middle America,275735
46057,Rural Middle America,275735
46061,Rural Middle America,275735
46065,Rural Middle America,275735
46079,Rural Middle America,275735
46081,Rural Middle America,275735
46087,Rural Middle America,275735
46099,Rural Middle America,275735
46101,Rural Middle America,275735
46111,Rural Middle America,275735
46117,Rural Middle America,275735
46119,Rural Middle America,275735
46123,Rural Middle America,275735
46125,Rural Middle America,275735
46127,Rural Middle America,275735
46135,Rural Middle America,275735
47119,Rural Middle America,275735
47133,Rural Middle America,275735
48205,Rural Middle America,275735
48359,Rural Middle America,275735
48393,Rural Middle America,275735
48425,Rural Middle America,275735
48483,Rural Middle America,275735
50001,Rural Middle America,275735
50003,Rural Middle America,275735
50005,Rural Middle America,275735
50011,Rural Middle America,275735
50015,Rural Middle America,275735
50017,Rural Middle America,275735
50021,Rural Middle America,275735
50023,Rural Middle America,275735
50025,Rural Middle America,275735
50027,Rural Middle America,275735
51005,Rural Middle America,275735
51015,Rural Middle America,275735
51019,Rural Middle America,275735
51023,Rural Middle America,275735
51045,Rural Middle America,275735
51071,Rural Middle America,275735
51073,Rural Middle America,275735
51155,Rural Middle America,275735
51165,Rural Middle America,275735
51171,Rural Middle America,275735
51173,Rural Middle America,275735
51197,Rural Middle America,275735
53003,Rural Middle America,275735
53043,Rural Middle America,275735
54023,Rural Middle America,275735
54039,Rural Middle America,275735
54051,Rural Middle America,275735
54057,Rural Middle America,275735
54079,Rural Middle America,275735
54097,Rural Middle America,275735
55003,Rural Middle America,275735
55011,Rural Middle America,275735
55015,Rural Middle America,275735
55017,Rural Middle America,275735
55019,Rural Middle America,275735
55021,Rural Middle America,275735
55023,Rural Middle America,275735
55027,Rural Middle America,275735
55031,Rural Middle America,275735
55039,Rural Middle America,275735
55043,Rural Middle America,275735
55045,Rural Middle America,275735
55049,Rural Middle America,275735
55053,Rural Middle America,275735
55055,Rural Middle America,275735
55061,Rural Middle America,275735
55065,Rural Middle America,275735
55071,Rural Middle America,275735
55073,Rural Middle America,275735
55081,Rural Middle America,275735
55091,Rural Middle America,275735
55103,Rural Middle America,275735
55111,Rural Middle America,275735
55117,Rural Middle America,275735
55119,Rural Middle America,275735
55121,Rural Middle America,275735
55123,Rural Middle America,275735
55141,Rural Middle America,275735
56003,Rural Middle America,275735
56015,Rural Middle America,275735
56017,Rural Middle America,275735
56025,Rural Middle America,275735
56027,Rural Middle America,275735
56031,Rural Middle America,275735
4005,College Towns,81498
5019,College Towns,81498
5031,College Towns,81498
5045,College Towns,81498
5143,College Towns,81498
6007,College Towns,81498
6023,College Towns,81498
6079,College Towns,81498
6089,College Towns,81498
8013,College Towns,81498
8051,College Towns,81498
8067,College Towns,81498
8069,College Towns,81498
9013,College Towns,81498
12001,College Towns,81498
12073,College Towns,81498
13045,College Towns,81498
13059,College Towns,81498
16057,College Towns,81498
17019,College Towns,81498
17029,College Towns,81498
17037,College Towns,81498
17077,College Towns,81498
17109,College Towns,81498
17113,College Towns,81498
17167,College Towns,81498
18035,College Towns,81498
18105,College Towns,81498
18157,College Towns,81498
19103,College Towns,81498
19169,College Towns,81498
20037,College Towns,81498
20045,College Towns,81498
20051,College Towns,81498
20111,College Towns,81498
20161,College Towns,81498
20177,College Towns,81498
21035,College Towns,81498
21067,College Towns,81498
21073,College Towns,81498
21151,College Towns,81498
21205,College Towns,81498
21227,College Towns,81498
23005,College Towns,81498
24039,College Towns,81498
24045,College Towns,81498
25015,College Towns,81498
26061,College Towns,81498
26065,College Towns,81498
26073,College Towns,81498
26077,College Towns,81498
26107,College Towns,81498
26161,College Towns,81498
27007,College Towns,81498
27013,College Towns,81498
27027,College Towns,81498
27103,College Towns,81498
27131,College Towns,81498
27145,College Towns,81498
27149,College Towns,81498
27169,College Towns,81498
28071,College Towns,81498
28105,College Towns,81498
29001,College Towns,81498
29019,College Towns,81498
29031,College Towns,81498
29051,College Towns,81498
29077,College Towns,81498
29147,College Towns,81498
29161,College Towns,81498
30001,College Towns,81498
30031,College Towns,81498
30049,College Towns,81498
30063,College Towns,81498
31019,College Towns,81498
31045,College Towns,81498
31109,College Towns,81498
31179,College Towns,81498
33005,College Towns,81498
33017,College Towns,81498
36001,College Towns,81498
36027,College Towns,81498
36083,College Towns,81498
36093,College Towns,81498
36109,College Towns,81498
36111,College Towns,81498
37021,College Towns,81498
37099,College Towns,81498
37129,College Towns,81498
37135,College Towns,81498
37189,College Towns,81498
38015,College Towns,81498
38017,College Towns,81498
38035,College Towns,81498
39009,College Towns,81498
39057,College Towns,81498
39173,College Towns,81498
40021,College Towns,81498
40027,College Towns,81498
40039,College Towns,81498
40119,College Towns,81498
40123,College Towns,81498
40151,College Towns,81498
41003,College Towns,81498
41029,College Towns,81498
41039,College Towns,81498
41053,College Towns,81498
42027,College Towns,81498
42041,College Towns,81498
42043,College Towns,81498
44001,College Towns,81498
44005,College Towns,81498
44009,College Towns,81498
45077,College Towns,81498
46011,College Towns,81498
46027,College Towns,81498
47093,College Towns,81498
47141,College Towns,81498
47179,College Towns,81498
48041,College Towns,81498
48143,College Towns,81498
48303,College Towns,81498
48309,College Towns,81498
48347,College Towns,81498
48381,College Towns,81498
48471,College Towns,81498
50007,College Towns,81498
51003,College Towns,81498
51121,College Towns,81498
51147,College Towns,81498
51540,College Towns,81498
51630,College Towns,81498
51660,College Towns,81498
51678,College Towns,81498
51680,College Towns,81498
51750,College Towns,81498
51775,College Towns,81498
51790,College Towns,81498
51830,College Towns,81498
51840,College Towns,81498
53037,College Towns,81498
53063,College Towns,81498
53071,College Towns,81498
53073,College Towns,81498
53075,College Towns,81498
54021,College Towns,81498
54061,College Towns,81498
55025,College Towns,81498
55033,College Towns,81498
55035,College Towns,81498
55063,College Towns,81498
55093,College Towns,81498
55097,College Towns,81498
56001,College Towns,81498
19009,Aging Farmlands,19731
19025,Aging Farmlands,19731
19035,Aging Farmlands,19731
19051,Aging Farmlands,19731
19109,Aging Farmlands,19731
19159,Aging Farmlands,19731
19161,Aging Farmlands,19731
20023,Aging Farmlands,19731
20033,Aging Farmlands,19731
20039,Aging Farmlands,19731
20063,Aging Farmlands,19731
20065,Aging Farmlands,19731
20083,Aging Farmlands,19731
20089,Aging Farmlands,19731
20101,Aging Farmlands,19731
20109,Aging Farmlands,19731
20135,Aging Farmlands,19731
20141,Aging Farmlands,19731
20147,Aging Farmlands,19731
20153,Aging Farmlands,19731
20157,Aging Farmlands,19731
20165,Aging Farmlands,19731
20167,Aging Farmlands,19731
20171,Aging Farmlands,19731
20179,Aging Farmlands,19731
20183,Aging Farmlands,19731
20185,Aging Farmlands,19731
20195,Aging Farmlands,19731
20199,Aging Farmlands,19731
20201,Aging Farmlands,19731
21201,Aging Farmlands,19731
27011,Aging Farmlands,19731
27069,Aging Farmlands,19731
27073,Aging Farmlands,19731
27081,Aging Farmlands,19731
27107,Aging Farmlands,19731
27151,Aging Farmlands,19731
27155,Aging Farmlands,19731
29005,Aging Farmlands,19731
29041,Aging Farmlands,19731
29087,Aging Farmlands,19731
29103,Aging Farmlands,19731
29129,Aging Farmlands,19731
29227,Aging Farmlands,19731
30011,Aging Farmlands,19731
30019,Aging Farmlands,19731
30025,Aging Farmlands,19731
30033,Aging Farmlands,19731
30045,Aging Farmlands,19731
30051,Aging Farmlands,19731
30055,Aging Farmlands,19731
30069,Aging Farmlands,19731
30071,Aging Farmlands,19731
30075,Aging Farmlands,19731
30079,Aging Farmlands,19731
30091,Aging Farmlands,19731
30103,Aging Farmlands,19731
30107,Aging Farmlands,19731
30109,Aging Farmlands,19731
31005,Aging Farmlands,19731
31007,Aging Farmlands,19731
31009,Aging Farmlands,19731
31015,Aging Farmlands,19731
31017,Aging Farmlands,19731
31021,Aging Farmlands,19731
31029,Aging Farmlands,19731
31049,Aging Farmlands,19731
31057,Aging Farmlands,19731
31061,Aging Farmlands,19731
31063,Aging Farmlands,19731
31065,Aging Farmlands,19731
31069,Aging Farmlands,19731
31071,Aging Farmlands,19731
31075,Aging Farmlands,19731
31077,Aging Farmlands,19731
31083,Aging Farmlands,19731
31085,Aging Farmlands,19731
31091,Aging Farmlands,19731
31095,Aging Farmlands,19731
31101,Aging Farmlands,19731
31103,Aging Farmlands,19731
31107,Aging Farmlands,19731
31113,Aging Farmlands,19731
31115,Aging Farmlands,19731
31117,Aging Farmlands,19731
31125,Aging Farmlands,19731
31129,Aging Farmlands,19731
31133,Aging Farmlands,19731
31149,Aging Farmlands,19731
31161,Aging Farmlands,19731
31163,Aging Farmlands,19731
31165,Aging Farmlands,19731
31169,Aging Farmlands,19731
31171,Aging Farmlands,19731
31175,Aging Farmlands,19731
31181,Aging Farmlands,19731
31183,Aging Farmlands,19731
32011,Aging Farmlands,19731
38001,Aging Farmlands,19731
38007,Aging Farmlands,19731
38009,Aging Farmlands,19731
38011,Aging Farmlands,19731
38013,Aging Farmlands,19731
38019,Aging Farmlands,19731
38023,Aging Farmlands,19731
38025,Aging Farmlands,19731
38027,Aging Farmlands,19731
38029,Aging Farmlands,19731
38031,Aging Farmlands,19731
38033,Aging Farmlands,19731
38037,Aging Farmlands,19731
38039,Aging Farmlands,19731
38041,Aging Farmlands,19731
38043,Aging Farmlands,19731
38045,Aging Farmlands,19731
38047,Aging Farmlands,19731
38049,Aging Farmlands,19731
38051,Aging Farmlands,19731
38055,Aging Farmlands,19731
38063,Aging Farmlands,19731
38069,Aging Farmlands,19731
38073,Aging Farmlands,19731
38075,Aging Farmlands,19731
38081,Aging Farmlands,19731
38083,Aging Farmlands,19731
38087,Aging Farmlands,19731
38091,Aging Farmlands,19731
38095,Aging Farmlands,19731
38099,Aging Farmlands,19731
38103,Aging Farmlands,19731
40003,Aging Farmlands,19731
40053,Aging Farmlands,19731
46021,Aging Farmlands,19731
46025,Aging Farmlands,19731
46037,Aging Farmlands,19731
46043,Aging Farmlands,19731
46049,Aging Farmlands,19731
46053,Aging Farmlands,19731
46055,Aging Farmlands,19731
46059,Aging Farmlands,19731
46063,Aging Farmlands,19731
46067,Aging Farmlands,19731
46069,Aging Farmlands,19731
46073,Aging Farmlands,19731
46075,Aging Farmlands,19731
46077,Aging Farmlands,19731
46089,Aging Farmlands,19731
46091,Aging Farmlands,19731
46097,Aging Farmlands,19731
46105,Aging Farmlands,19731
46107,Aging Farmlands,19731
46115,Aging Farmlands,19731
46129,Aging Farmlands,19731
48033,Aging Farmlands,19731
48093,Aging Farmlands,19731
48173,Aging Farmlands,19731
48235,Aging Farmlands,19731
48269,Aging Farmlands,19731
48319,Aging Farmlands,19731
48433,Aging Farmlands,19731
53023,Aging Farmlands,19731
4013,Big Cities,3004707
6001,Big Cities,3004707
6037,Big Cities,3004707
6067,Big Cities,3004707
6073,Big Cities,3004707
6075,Big Cities,3004707
6085,Big Cities,3004707
8031,Big Cities,3004707
11001,Big Cities,3004707
12031,Big Cities,3004707
12086,Big Cities,3004707
13121,Big Cities,3004707
17031,Big Cities,3004707
18097,Big Cities,3004707
20173,Big Cities,3004707
21111,Big Cities,3004707
24510,Big Cities,3004707
25025,Big Cities,3004707
26163,Big Cities,3004707
27053,Big Cities,3004707
27123,Big Cities,3004707
29095,Big Cities,3004707
29510,Big Cities,3004707
31055,Big Cities,3004707
32003,Big Cities,3004707
35001,Big Cities,3004707
36005,Big Cities,3004707
36047,Big Cities,3004707
36061,Big Cities,3004707
36081,Big Cities,3004707
36085,Big Cities,3004707
37119,Big Cities,3004707
37183,Big Cities,3004707
39035,Big Cities,3004707
39049,Big Cities,3004707
40109,Big Cities,3004707
40143,Big Cities,3004707
41051,Big Cities,3004707
42101,Big Cities,3004707
47037,Big Cities,3004707
48029,Big Cities,3004707
48113,Big Cities,3004707
48201,Big Cities,3004707
48439,Big Cities,3004707
48453,Big Cities,3004707
53033,Big Cities,3004707
55079,Big Cities,3004707
9015,Middle Suburbs,104128
17119,Middle Suburbs,104128
17143,Middle Suburbs,104128
17161,Middle Suburbs,104128
17201,Middle Suburbs,104128
18019,Middle Suburbs,104128
18043,Middle Suburbs,104128
18067,Middle Suburbs,104128
18089,Middle Suburbs,104128
18095,Middle Suburbs,104128
18127,Middle Suburbs,104128
18141,Middle Suburbs,104128
18163,Middle Suburbs,104128
18167,Middle Suburbs,104128
19013,Middle Suburbs,104128
19113,Middle Suburbs,104128
19163,Middle Suburbs,104128
21037,Middle Suburbs,104128
21117,Middle Suburbs,104128
22051,Middle Suburbs,104128
23001,Middle Suburbs,104128
24043,Middle Suburbs,104128
26049,Middle Suburbs,104128
26075,Middle Suburbs,104128
26093,Middle Suburbs,104128
26099,Middle Suburbs,104128
26115,Middle Suburbs,104128
26145,Middle Suburbs,104128
29021,Middle Suburbs,104128
34029,Middle Suburbs,104128
36007,Middle Suburbs,104128
36015,Middle Suburbs,104128
37001,Middle Suburbs,104128
39003,Middle Suburbs,104128
39017,Middle Suburbs,104128
39023,Middle Suburbs,104128
39025,Middle Suburbs,104128
39045,Middle Suburbs,104128
39055,Middle Suburbs,104128
39085,Middle Suburbs,104128
39089,Middle Suburbs,104128
39093,Middle Suburbs,104128
39099,Middle Suburbs,104128
39103,Middle Suburbs,104128
39109,Middle Suburbs,104128
39133,Middle Suburbs,104128
39139,Middle Suburbs,104128
39151,Middle Suburbs,104128
39153,Middle Suburbs,104128
39155,Middle Suburbs,104128
42007,Middle Suburbs,104128
42011,Middle Suburbs,104128
42013,Middle Suburbs,104128
42019,Middle Suburbs,104128
42069,Middle Suburbs,104128
42071,Middle Suburbs,104128
42073,Middle Suburbs,104128
42075,Middle Suburbs,104128
42077,Middle Suburbs,104128
42079,Middle Suburbs,104128
42095,Middle Suburbs,104128
42125,Middle Suburbs,104128
42129,Middle Suburbs,104128
42133,Middle Suburbs,104128
44003,Middle Suburbs,104128
54009,Middle Suburbs,104128
54011,Middle Suburbs,104128
54029,Middle Suburbs,104128
54069,Middle Suburbs,104128
54107,Middle Suburbs,104128
55009,Middle Suburbs,104128
55059,Middle Suburbs,104128
55087,Middle Suburbs,104128
55101,Middle Suburbs,104128
55105,Middle Suburbs,104128
55131,Middle Suburbs,104128
55139,Middle Suburbs,104128
